{
    "CA1_PC_cAC_sig": {
		 "bAP": {
        "dend150": {
            "AP1_amp": [ 61.6405452338, 20 ]
        },
        "dend250": {
            "AP1_amp": [ 57.1478276286, 30 ]
        }
		},	
        "step_-0.8": {
            "soma": {
                "voltage_deflection": [
                    -19.263022502676911, 
                    4.6879132767149008
                ], 
                "voltage_deflection_begin": [
                    -22.721184389620291, 
                    6.0609775617843606
                ], 
                "voltage_base": [
                    -69.593087219120505, 
                    4.3136216186652661
                ], 
                "steady_state_voltage": [
                    -69.706365787125947, 
                    3.8013944458607885
                ] 
            }
        }, 
        "step_-0.6": {
            "soma": {
                "voltage_deflection": [
                    -14.931286308097587, 
                    3.5169212622318664
                ], 
                "voltage_deflection_begin": [
                    -17.334330130827816, 
                    4.6002178217494381
                ], 
                "voltage_base": [
                    -69.501902681387008, 
                    4.3344934804482236
                ], 
                "steady_state_voltage": [
                    -69.624692460211634, 
                    3.9305831988632591
                ] 
            }
        }, 
        "step_-0.2": {
            "soma": {
                "voltage_deflection": [
                    -5.5926766993891661, 
                    1.5762950254387809
                ], 
                "voltage_deflection_begin": [
                    -6.1126139655951928, 
                    1.7147231546008366
                ], 
                "voltage_base": [
                    -69.390341252994048, 
                    4.3125340045694776
                ], 
                "steady_state_voltage": [
                    -69.461434324544854, 
                    4.2154664225163065
                ] 
            }
        }, 
        "step_0.2": {
            "soma": {
                "voltage_base": [
                    -69.233735495610176, 
                    4.3919718915349293
                ], 
                "steady_state_voltage": [
                    -69.546945463150379, 
                    4.2345836890112478
                ], 
                "Spikecount": [
                    1.4624999999999999, 
                    2.0424785800590421
                ], 
                "time_to_last_spike": [
                    88.697421875002291, 
                    125.4697528719081
                ], 
                "inv_time_to_first_spike": [
                    24.352812684186453, 
                    33.689175662950028
                ], 
                "inv_first_ISI": [
                    13.57397768060155, 
                    23.472478957652562
                ], 
                "inv_second_ISI": [
                    4.4546278033249322, 
                    8.8602602715433427
                ], 
                "inv_third_ISI": [
                    2.409543467132, 
                    5.735644975951101
                ], 
                "inv_fourth_ISI": [
                    1.2257714718861066, 
                    4.5651909300649383
                ], 
                "inv_fifth_ISI": [
                    0.6687203588870696, 
                    3.5283365470307646
                ], 
                "inv_last_ISI": [
                    6.0731507410060441, 
                    17.701013062884474
                ]
            }
        }, 
        "step_0.4": {
            "soma": {
                "voltage_base": [
                    -69.246999029091711, 
                    4.3909316000014389
                ], 
                "steady_state_voltage": [
                    -69.931629734985194, 
                    4.2614403924094191
                ], 
                "Spikecount": [
                    3.9145833333333333, 
                    3.326484500481619
                ], 
                "time_to_last_spike": [
                    198.77010416667218, 
                    137.73348497613645
                ], 
                "inv_time_to_first_spike": [
                    61.928500689955996, 
                    67.196426782168828
                ], 
                "inv_first_ISI": [
                    40.82007346516059, 
                    39.862975541545303
                ], 
                "inv_second_ISI": [
                    19.45653201692447, 
                    21.617685025958728
                ], 
                "inv_third_ISI": [
                    12.191435963712099, 
                    14.162803552825338
                ], 
                "inv_fourth_ISI": [
                    8.5127826635360435, 
                    12.069099874523621
                ], 
                "inv_fifth_ISI": [
                    6.1824528645385701, 
                    10.212740546464659
                ], 
                "inv_last_ISI": [
                    9.1413766739004423, 
                    8.4711830244066295
                ]
            }
        }, 
        "step_0.6": {
            "soma": {
                "voltage_base": [
                    -69.585856119791643, 
                    4.3562510134910957
                ], 
                "steady_state_voltage": [
                    -70.512251697726299, 
                    4.3523278889242354
                ], 
                "Spikecount": [
                    6.5947916666666666, 
                    3.9846263537274664
                ], 
                "time_to_last_spike": [
                    284.51088541667843, 
                    104.3306054605419
                ], 
                "inv_time_to_first_spike": [
                    101.75375845169566, 
                    91.282579207895694
                ], 
                "inv_first_ISI": [
                    68.376889327534172, 
                    46.706702224005568
                ], 
                "inv_second_ISI": [
                    41.715942021468756, 
                    29.401339657187229
                ], 
                "inv_third_ISI": [
                    25.436557588542286, 
                    19.120858498092748
                ], 
                "inv_fourth_ISI": [
                    17.950497612869739, 
                    16.925688998200759
                ], 
                "inv_fifth_ISI": [
                    14.211704612633852, 
                    15.646259021414604
                ], 
                "inv_last_ISI": [
                    13.195767160921736, 
                    7.6313121014271719
                ]
            }
        }, 
        "step_0.8": {
            "soma": {
                "mean_frequency": [
                    32.053160108197218, 
                    10.856896572837
                ], 
                "time_to_first_spike": [
                    13.817500000000251, 
                    13.280445622700229
                ], 
                "voltage_base": [
                    -69.739619695275849, 
                    4.3622169895208112
                ], 
                "steady_state_voltage": [
                    -71.045438562326055, 
                    4.457718754790208
                ], 
                "Spikecount": [
                    9.1729166666666657, 
                    4.1687801931273745
                ], 
                "time_to_last_spike": [
                    296.59453125001198, 
                    90.517204799010841
                ], 
                "inv_time_to_first_spike": [
                    154.45526739212778, 
                    117.986632035976
                ], 
                "inv_first_ISI": [
                    93.668580373968126, 
                    45.727065899000053
                ],