{
    "cNACnoljp": {
        "step_-0.8": {
            "soma": {
                "voltage_deflection": [
                    -29.639423076885908, 
                    16.862567589810016
                ], 
                "voltage_base": [
                    -73.942574441687469, 
                    4.5299527322411368
                ] 
            }
        }, 
        "step_-0.6": {
            "soma": {
                "voltage_deflection": [
                    -21.663995726540584, 
                    12.836195088967486
                ], 
                "voltage_base": [
                    -74.10381996140076, 
                    4.5821387043965256
                ]
            }
        }, 
        "step_-0.4": {
            "soma": {
                "voltage_deflection": [
                    -15.660534188068397, 
                    7.6494098411946183
                ], 
                "voltage_base": [
                    -73.869659498207994, 
                    4.5431632501110908
                ] 
            }
        }, 
        "step_-0.2": {
            "soma": {
                "voltage_deflection": [
                    -8.7443055555379008, 
                    4.449321846745903
                ], 
                "voltage_base": [
                    -74.097933553901385, 
                    4.1430535977222114
                ] 
            }
        }, 
        "step_0.2": {
            "soma": {
                "voltage_base": [
                    -74.225476978218822, 
                    4.0300745605256454
                ], 
                "Spikecount": [
                    1.8999999999999999, 
                    3.8000000000000003
                ], 
                "time_to_last_spike": [
                    61.550000000001717, 
                    123.10000000000343
                ], 
                "inv_time_to_first_spike": [
                    15.297998180163365, 
                    30.59599636032673
                ], 
                "inv_first_ISI": [
                    3.365840156937935, 
                    6.7316803138758701
                ], 
                "inv_second_ISI": [
                    16.671297582662799, 
                    33.342595165325598
                ], 
                "inv_third_ISI": [
                    2.1232724912537377, 
                    4.2465449825074755
                ], 
                "inv_fourth_ISI": [
                    10.752688172043623, 
                    21.505376344087246
                ], 
                "inv_fifth_ISI": [
                    8.4745762711863719, 
                    16.949152542372744
                ], 
                "inv_last_ISI": [
                    7.6438448806692589, 
                    15.287689761338516
                ]
            }
        }, 
        "step_0.4": {
            "soma": {
                "voltage_base": [
                    -74.658331265508451, 
                    4.5905759444171155
                ], 
                "Spikecount": [
                    11.800000000000001, 
                    20.682359633272021
                ], 
                "time_to_last_spike": [
                    164.48666666667441, 
                    167.42372804090462
                ], 
                "inv_time_to_first_spike": [
                    63.499333378316578, 
                    114.16940996576183
                ], 
                "inv_first_ISI": [
                    41.505874702032173, 
                    72.176330814639854
                ], 
                "inv_second_ISI": [
                    36.428268552530923, 
                    64.806852295526511
                ], 
                "inv_third_ISI": [
                    32.69215744148849, 
                    59.656626317447511
                ], 
                "inv_fourth_ISI": [
                    33.0970334060044, 
                    60.197088667577205
                ], 
                "inv_fifth_ISI": [
                    28.125000000000227, 
                    56.250000000000455
                ], 
                "inv_last_ISI": [
                    33.603602725248059, 
                    59.07714384429282
                ]
            }
        }, 
        "step_0.6": {
            "soma": {
                "voltage_base": [
                    -74.673081748000712, 
                    4.8229757754492777
                ], 
                "Spikecount": [
                    23.766666666666669, 
                    27.713133669395415
                ], 
                "time_to_last_spike": [
                    295.54666666667862, 
                    101.63746542383089
                ], 
                "inv_time_to_first_spike": [
                    209.25205399895262, 
                    211.10427409579506
                ], 
                "inv_first_ISI": [
                    91.541304671024719, 
                    94.50481543651469
                ], 
                "inv_second_ISI": [
                    78.341016561344105, 
                    81.559837105616708
                ], 
                "inv_third_ISI": [
                    73.169246230710868, 
                    79.377949330637946
                ], 
                "inv_fourth_ISI": [
                    68.476888325116477, 
                    78.71159447744671
                ], 
                "inv_fifth_ISI": [
                    65.724499199849035, 
                    75.496047862530716
                ], 
                "inv_last_ISI": [
                    55.451025888405596, 
                    61.488391610713308
                ]
            }
        }, 
        "step_0.8": {
            "soma": {
                "time_to_first_spike": [
                    9.8666666666669478, 
                    12.70443929411215
                ], 
                "voltage_base": [
                    -74.716226909290853, 
                    5.1897031964133236
                ], 
                "Spikecount": [
                    40.966666666666669, 
                    22.57442013528685
                ], 
                "time_to_last_spike": [
                    393.57000000002807, 
                    5.8947094924190999
                ], 
                "inv_time_to_first_spike": [
                    341.81169164006667, 
                    263.40055045765195
                ], 
                "inv_first_ISI": [
                    140.95575461624009, 
                    99.549028258674099
                ], 
                "inv_second_ISI": [
                    127.35864942927442, 
                    76.022014200732215
                ], 
                "inv_third_ISI": [
                    124.58567444823215, 
                    71.749957160117575
                ], 
                "inv_fourth_ISI": [
                    121.27270089462365, 
                    69.846776266654715
                ], 
                "inv_fifth_ISI": [
                    123.24961039484943, 
                    66.95949840867469
                ], 
                "inv_last_ISI": [
                    90.662202166906667, 
                    53.552296297642052
                ]
            }
        } 
    }
}